dataset_name,latest_version
wellbeing-quarterly,https://api.beta.ons.gov.uk/v1/datasets/wellbeing-quarterly/editions/time-series/versions/9
wellbeing-local-authority,https://api.beta.ons.gov.uk/v1/datasets/wellbeing-local-authority/editions/time-series/versions/4
weekly-deaths-region,https://api.beta.ons.gov.uk/v1/datasets/weekly-deaths-region/editions/time-series/versions/99
weekly-deaths-local-authority,https://api.beta.ons.gov.uk/v1/datasets/weekly-deaths-local-authority/editions/2023/versions/50
weekly-deaths-health-board,https://api.beta.ons.gov.uk/v1/datasets/weekly-deaths-health-board/editions/2023/versions/50
weekly-deaths-age-sex,https://api.beta.ons.gov.uk/v1/datasets/weekly-deaths-age-sex/editions/2025/versions/43
uk-spending-on-cards,https://api.beta.ons.gov.uk/v1/datasets/uk-spending-on-cards/editions/time-series/versions/130
uk-business-by-enterprises-and-local-units,https://api.beta.ons.gov.uk/v1/datasets/uk-business-by-enterprises-and-local-units/editions/2022/versions/1
traffic-camera-activity,https://api.beta.ons.gov.uk/v1/datasets/traffic-camera-activity/editions/time-series/versions/105
trade,https://api.beta.ons.gov.uk/v1/datasets/trade/editions/time-series/versions/63
tax-benefits-statistics,https://api.beta.ons.gov.uk/v1/datasets/tax-benefits-statistics/editions/time-series/versions/3
suicides-in-the-uk,https://api.beta.ons.gov.uk/v1/datasets/suicides-in-the-uk/editions/2023/versions/1
sexual-orientation-by-region,https://api.beta.ons.gov.uk/v1/datasets/sexual-orientation-by-region/editions/time-series/versions/3
sexual-orientation-by-age-and-sex,https://api.beta.ons.gov.uk/v1/datasets/sexual-orientation-by-age-and-sex/editions/time-series/versions/3
retail-sales-index-large-and-small-businesses,https://api.beta.ons.gov.uk/v1/datasets/retail-sales-index-large-and-small-businesses/editions/time-series/versions/43
retail-sales-index-all-businesses,https://api.beta.ons.gov.uk/v1/datasets/retail-sales-index-all-businesses/editions/time-series/versions/43
retail-sales-index,https://api.beta.ons.gov.uk/v1/datasets/retail-sales-index/editions/time-series/versions/43
regional-gdp-by-year,https://api.beta.ons.gov.uk/v1/datasets/regional-gdp-by-year/editions/time-series/versions/6
regional-gdp-by-quarter,https://api.beta.ons.gov.uk/v1/datasets/regional-gdp-by-quarter/editions/time-series/versions/6
projections-older-people-sex-ratios,https://api.beta.ons.gov.uk/v1/datasets/projections-older-people-sex-ratios/editions/time-series/versions/1
projections-older-people-in-single-households,https://api.beta.ons.gov.uk/v1/datasets/projections-older-people-in-single-households/editions/time-series/versions/2
output-in-the-construction-industry,https://api.beta.ons.gov.uk/v1/datasets/output-in-the-construction-industry/editions/time-series/versions/49
online-job-advert-estimates,https://api.beta.ons.gov.uk/v1/datasets/online-job-advert-estimates/editions/feb-2020-index-by-category/versions/175
older-people-sex-ratios,https://api.beta.ons.gov.uk/v1/datasets/older-people-sex-ratios/editions/time-series/versions/1
older-people-net-internal-migration,https://api.beta.ons.gov.uk/v1/datasets/older-people-net-internal-migration/editions/time-series/versions/1
older-people-economic-activity,https://api.beta.ons.gov.uk/v1/datasets/older-people-economic-activity/editions/time-series/versions/1
mid-year-pop-est,https://api.beta.ons.gov.uk/v1/datasets/mid-year-pop-est/editions/mid-2022-england-wales/versions/3
life-expectancy-by-local-authority,https://api.beta.ons.gov.uk/v1/datasets/life-expectancy-by-local-authority/editions/time-series/versions/1
labour-market,https://api.beta.ons.gov.uk/v1/datasets/labour-market/editions/PWT24/versions/1
index-private-housing-rental-prices,https://api.beta.ons.gov.uk/v1/datasets/index-private-housing-rental-prices/editions/time-series/versions/41
house-prices-local-authority,https://api.beta.ons.gov.uk/v1/datasets/house-prices-local-authority/editions/time-series/versions/10
health-accounts,https://api.beta.ons.gov.uk/v1/datasets/health-accounts/editions/time-series/versions/2
gva-by-industry-by-local-authority,https://api.beta.ons.gov.uk/v1/datasets/gva-by-industry-by-local-authority/editions/time-series/versions/1
generational-income,https://api.beta.ons.gov.uk/v1/datasets/generational-income/editions/time-series/versions/3
gdp-to-four-decimal-places,https://api.beta.ons.gov.uk/v1/datasets/gdp-to-four-decimal-places/editions/time-series/versions/63
gdp-by-local-authority,https://api.beta.ons.gov.uk/v1/datasets/gdp-by-local-authority/editions/time-series/versions/2
faster-indicators-shipping-data,https://api.beta.ons.gov.uk/v1/datasets/faster-indicators-shipping-data/editions/2023-time-series/versions/75
cpih01,https://api.beta.ons.gov.uk/v1/datasets/cpih01/editions/time-series/versions/65
childrens-wellbeing,https://api.beta.ons.gov.uk/v1/datasets/childrens-wellbeing/editions/time-series/versions/1
ashe-tables-9-and-10,https://api.beta.ons.gov.uk/v1/datasets/ashe-tables-9-and-10/editions/time-series/versions/7
ashe-tables-7-and-8,https://api.beta.ons.gov.uk/v1/datasets/ashe-tables-7-and-8/editions/2022/versions/2
ashe-tables-3,https://api.beta.ons.gov.uk/v1/datasets/ashe-tables-3/editions/time-series/versions/7
ashe-tables-27-and-28,https://api.beta.ons.gov.uk/v1/datasets/ashe-tables-27-and-28/editions/2021/versions/2
ashe-tables-26,https://api.beta.ons.gov.uk/v1/datasets/ashe-tables-26/editions/time-series/versions/8
ashe-tables-25,https://api.beta.ons.gov.uk/v1/datasets/ashe-tables-25/editions/time-series/versions/7
ashe-tables-20,https://api.beta.ons.gov.uk/v1/datasets/ashe-tables-20/editions/time-series/versions/5
ashe-tables-11-and-12,https://api.beta.ons.gov.uk/v1/datasets/ashe-tables-11-and-12/editions/time-series/versions/4
ashe-table-5,https://api.beta.ons.gov.uk/v1/datasets/ashe-table-5/editions/time-series/versions/7
ageing-population-projections,https://api.beta.ons.gov.uk/v1/datasets/ageing-population-projections/editions/time-series/versions/1
ageing-population-estimates,https://api.beta.ons.gov.uk/v1/datasets/ageing-population-estimates/editions/time-series/versions/1
TS079,https://api.beta.ons.gov.uk/v1/datasets/TS079/editions/2021/versions/5
TS078,https://api.beta.ons.gov.uk/v1/datasets/TS078/editions/2021/versions/4
TS077,https://api.beta.ons.gov.uk/v1/datasets/TS077/editions/2021/versions/6
TS076,https://api.beta.ons.gov.uk/v1/datasets/TS076/editions/2021/versions/2
TS075,https://api.beta.ons.gov.uk/v1/datasets/TS075/editions/2021/versions/4
TS074,https://api.beta.ons.gov.uk/v1/datasets/TS074/editions/2021/versions/5
TS073,https://api.beta.ons.gov.uk/v1/datasets/TS073/editions/2021/versions/3
TS072,https://api.beta.ons.gov.uk/v1/datasets/TS072/editions/2021/versions/5
TS071,https://api.beta.ons.gov.uk/v1/datasets/TS071/editions/2021/versions/5
TS070,https://api.beta.ons.gov.uk/v1/datasets/TS070/editions/2021/versions/4
TS068,https://api.beta.ons.gov.uk/v1/datasets/TS068/editions/2021/versions/3
TS067,https://api.beta.ons.gov.uk/v1/datasets/TS067/editions/2021/versions/3
TS066,https://api.beta.ons.gov.uk/v1/datasets/TS066/editions/2021/versions/6
TS065,https://api.beta.ons.gov.uk/v1/datasets/TS065/editions/2021/versions/5
TS064,https://api.beta.ons.gov.uk/v1/datasets/TS064/editions/2021/versions/6
TS063,https://api.beta.ons.gov.uk/v1/datasets/TS063/editions/2021/versions/5
TS062,https://api.beta.ons.gov.uk/v1/datasets/TS062/editions/2021/versions/5
TS061,https://api.beta.ons.gov.uk/v1/datasets/TS061/editions/2021/versions/6
TS060,https://api.beta.ons.gov.uk/v1/datasets/TS060/editions/2021/versions/5
TS059,https://api.beta.ons.gov.uk/v1/datasets/TS059/editions/2021/versions/5
TS058,https://api.beta.ons.gov.uk/v1/datasets/TS058/editions/2021/versions/4
TS056,https://api.beta.ons.gov.uk/v1/datasets/TS056/editions/2021/versions/5
TS055,https://api.beta.ons.gov.uk/v1/datasets/TS055/editions/2021/versions/5
TS054,https://api.beta.ons.gov.uk/v1/datasets/TS054/editions/2021/versions/4
TS053,https://api.beta.ons.gov.uk/v1/datasets/TS053/editions/2021/versions/4
TS052,https://api.beta.ons.gov.uk/v1/datasets/TS052/editions/2021/versions/5
TS051,https://api.beta.ons.gov.uk/v1/datasets/TS051/editions/2021/versions/4
TS050,https://api.beta.ons.gov.uk/v1/datasets/TS050/editions/2021/versions/4
TS048,https://api.beta.ons.gov.uk/v1/datasets/TS048/editions/2021/versions/4
TS047,https://api.beta.ons.gov.uk/v1/datasets/TS047/editions/2021/versions/4
TS046,https://api.beta.ons.gov.uk/v1/datasets/TS046/editions/2021/versions/4
TS045,https://api.beta.ons.gov.uk/v1/datasets/TS045/editions/2021/versions/4
TS044,https://api.beta.ons.gov.uk/v1/datasets/TS044/editions/2021/versions/4
TS041,https://api.beta.ons.gov.uk/v1/datasets/TS041/editions/2021/versions/3
TS040,https://api.beta.ons.gov.uk/v1/datasets/TS040/editions/2021/versions/3
TS039ASP,https://api.beta.ons.gov.uk/v1/datasets/TS039ASP/editions/2021/versions/4
TS039,https://api.beta.ons.gov.uk/v1/datasets/TS039/editions/2021/versions/3
TS038ASP,https://api.beta.ons.gov.uk/v1/datasets/TS038ASP/editions/2021/versions/2
TS038,https://api.beta.ons.gov.uk/v1/datasets/TS038/editions/2021/versions/3
TS037ASP,https://api.beta.ons.gov.uk/v1/datasets/TS037ASP/editions/2021/versions/2
TS037,https://api.beta.ons.gov.uk/v1/datasets/TS037/editions/2021/versions/3
TS036,https://api.beta.ons.gov.uk/v1/datasets/TS036/editions/2021/versions/3
TS035,https://api.beta.ons.gov.uk/v1/datasets/TS035/editions/2021/versions/3
TS034,https://api.beta.ons.gov.uk/v1/datasets/TS034/editions/2021/versions/3
TS033,https://api.beta.ons.gov.uk/v1/datasets/TS033/editions/2021/versions/3
TS032,https://api.beta.ons.gov.uk/v1/datasets/TS032/editions/2021/versions/3
TS031,https://api.beta.ons.gov.uk/v1/datasets/TS031/editions/2021/versions/4
TS030,https://api.beta.ons.gov.uk/v1/datasets/TS030/editions/2021/versions/3
TS029,https://api.beta.ons.gov.uk/v1/datasets/TS029/editions/2021/versions/3
TS028,https://api.beta.ons.gov.uk/v1/datasets/TS028/editions/2021/versions/4
TS027,https://api.beta.ons.gov.uk/v1/datasets/TS027/editions/2021/versions/4
TS026,https://api.beta.ons.gov.uk/v1/datasets/TS026/editions/2021/versions/3
TS025,https://api.beta.ons.gov.uk/v1/datasets/TS025/editions/2021/versions/3
TS024,https://api.beta.ons.gov.uk/v1/datasets/TS024/editions/2021/versions/3
TS023,https://api.beta.ons.gov.uk/v1/datasets/TS023/editions/2021/versions/3
TS022,https://api.beta.ons.gov.uk/v1/datasets/TS022/editions/2021/versions/2
TS021,https://api.beta.ons.gov.uk/v1/datasets/TS021/editions/2021/versions/3
TS020,https://api.beta.ons.gov.uk/v1/datasets/TS020/editions/2021/versions/3
TS019,https://api.beta.ons.gov.uk/v1/datasets/TS019/editions/2021/versions/3
TS018,https://api.beta.ons.gov.uk/v1/datasets/TS018/editions/2021/versions/3
TS017,https://api.beta.ons.gov.uk/v1/datasets/TS017/editions/2021/versions/3
TS016,https://api.beta.ons.gov.uk/v1/datasets/TS016/editions/2021/versions/3
TS015,https://api.beta.ons.gov.uk/v1/datasets/TS015/editions/2021/versions/3
TS013,https://api.beta.ons.gov.uk/v1/datasets/TS013/editions/2021/versions/3
TS012,https://api.beta.ons.gov.uk/v1/datasets/TS012/editions/2021/versions/2
TS011,https://api.beta.ons.gov.uk/v1/datasets/TS011/editions/2021/versions/6
TS010,https://api.beta.ons.gov.uk/v1/datasets/TS010/editions/2021/versions/5
TS009,https://api.beta.ons.gov.uk/v1/datasets/TS009/editions/2021/versions/2
TS008,https://api.beta.ons.gov.uk/v1/datasets/TS008/editions/2021/versions/4
TS007,https://api.beta.ons.gov.uk/v1/datasets/TS007/editions/2021/versions/3
TS006,https://api.beta.ons.gov.uk/v1/datasets/TS006/editions/2021/versions/4
TS005,https://api.beta.ons.gov.uk/v1/datasets/TS005/editions/2021/versions/3
TS004,https://api.beta.ons.gov.uk/v1/datasets/TS004/editions/2021/versions/3
TS003,https://api.beta.ons.gov.uk/v1/datasets/TS003/editions/2021/versions/4
TS002,https://api.beta.ons.gov.uk/v1/datasets/TS002/editions/2021/versions/3
TS001,https://api.beta.ons.gov.uk/v1/datasets/TS001/editions/2021/versions/3
ST013,https://api.beta.ons.gov.uk/v1/datasets/ST013/editions/2021/versions/1
ST012,https://api.beta.ons.gov.uk/v1/datasets/ST012/editions/2021/versions/2
ST011,https://api.beta.ons.gov.uk/v1/datasets/ST011/editions/2021/versions/3
ST010,https://api.beta.ons.gov.uk/v1/datasets/ST010/editions/2021/versions/2
ST009,https://api.beta.ons.gov.uk/v1/datasets/ST009/editions/2021/versions/3
ST008,https://api.beta.ons.gov.uk/v1/datasets/ST008/editions/2021/versions/1
ST007,https://api.beta.ons.gov.uk/v1/datasets/ST007/editions/2021/versions/1
ST006,https://api.beta.ons.gov.uk/v1/datasets/ST006/editions/2021/versions/1
ST005,https://api.beta.ons.gov.uk/v1/datasets/ST005/editions/2021/versions/1
ST004,https://api.beta.ons.gov.uk/v1/datasets/ST004/editions/2021/versions/1
ST003,https://api.beta.ons.gov.uk/v1/datasets/ST003/editions/2021/versions/1
ST002,https://api.beta.ons.gov.uk/v1/datasets/ST002/editions/2021/versions/1
ST001,https://api.beta.ons.gov.uk/v1/datasets/ST001/editions/2021/versions/1
RM205,https://api.beta.ons.gov.uk/v1/datasets/RM205/editions/2021/versions/2
RM204,https://api.beta.ons.gov.uk/v1/datasets/RM204/editions/2021/versions/1
RM203,https://api.beta.ons.gov.uk/v1/datasets/RM203/editions/2021/versions/1
RM202,https://api.beta.ons.gov.uk/v1/datasets/RM202/editions/2021/versions/1
RM201,https://api.beta.ons.gov.uk/v1/datasets/RM201/editions/2021/versions/1
RM200,https://api.beta.ons.gov.uk/v1/datasets/RM200/editions/2021/versions/1
RM198,https://api.beta.ons.gov.uk/v1/datasets/RM198/editions/2021/versions/2
RM197,https://api.beta.ons.gov.uk/v1/datasets/RM197/editions/2021/versions/2
RM196,https://api.beta.ons.gov.uk/v1/datasets/RM196/editions/2021/versions/1
RM195,https://api.beta.ons.gov.uk/v1/datasets/RM195/editions/2021/versions/2
RM194,https://api.beta.ons.gov.uk/v1/datasets/RM194/editions/2021/versions/2
RM193,https://api.beta.ons.gov.uk/v1/datasets/RM193/editions/2021/versions/2
RM192,https://api.beta.ons.gov.uk/v1/datasets/RM192/editions/2021/versions/2
RM191,https://api.beta.ons.gov.uk/v1/datasets/RM191/editions/2021/versions/3
RM190,https://api.beta.ons.gov.uk/v1/datasets/RM190/editions/2021/versions/4
RM189,https://api.beta.ons.gov.uk/v1/datasets/RM189/editions/2021/versions/4
RM188,https://api.beta.ons.gov.uk/v1/datasets/RM188/editions/2021/versions/4
RM187,https://api.beta.ons.gov.uk/v1/datasets/RM187/editions/2021/versions/4
RM186,https://api.beta.ons.gov.uk/v1/datasets/RM186/editions/2021/versions/4
RM185,https://api.beta.ons.gov.uk/v1/datasets/RM185/editions/2021/versions/4
RM184,https://api.beta.ons.gov.uk/v1/datasets/RM184/editions/2021/versions/7
RM183,https://api.beta.ons.gov.uk/v1/datasets/RM183/editions/2021/versions/4
RM182,https://api.beta.ons.gov.uk/v1/datasets/RM182/editions/2021/versions/4
RM181,https://api.beta.ons.gov.uk/v1/datasets/RM181/editions/2021/versions/4
RM180,https://api.beta.ons.gov.uk/v1/datasets/RM180/editions/2021/versions/4
RM179,https://api.beta.ons.gov.uk/v1/datasets/RM179/editions/2021/versions/4
RM178,https://api.beta.ons.gov.uk/v1/datasets/RM178/editions/2021/versions/4
RM177,https://api.beta.ons.gov.uk/v1/datasets/RM177/editions/2021/versions/4
RM176,https://api.beta.ons.gov.uk/v1/datasets/RM176/editions/2021/versions/3
RM175,https://api.beta.ons.gov.uk/v1/datasets/RM175/editions/2021/versions/5
RM174,https://api.beta.ons.gov.uk/v1/datasets/RM174/editions/2021/versions/3
RM173,https://api.beta.ons.gov.uk/v1/datasets/RM173/editions/2021/versions/3
RM172,https://api.beta.ons.gov.uk/v1/datasets/RM172/editions/2021/versions/3
RM171,https://api.beta.ons.gov.uk/v1/datasets/RM171/editions/2021/versions/3
RM170,https://api.beta.ons.gov.uk/v1/datasets/RM170/editions/2021/versions/5
RM169,https://api.beta.ons.gov.uk/v1/datasets/RM169/editions/2021/versions/6
RM168,https://api.beta.ons.gov.uk/v1/datasets/RM168/editions/2021/versions/5
RM167,https://api.beta.ons.gov.uk/v1/datasets/RM167/editions/2021/versions/3
RM166,https://api.beta.ons.gov.uk/v1/datasets/RM166/editions/2021/versions/5
RM165,https://api.beta.ons.gov.uk/v1/datasets/RM165/editions/2021/versions/3
RM164,https://api.beta.ons.gov.uk/v1/datasets/RM164/editions/2021/versions/3
RM163,https://api.beta.ons.gov.uk/v1/datasets/RM163/editions/2021/versions/3
RM162,https://api.beta.ons.gov.uk/v1/datasets/RM162/editions/2021/versions/1
RM161,https://api.beta.ons.gov.uk/v1/datasets/RM161/editions/2021/versions/1
RM160,https://api.beta.ons.gov.uk/v1/datasets/RM160/editions/2021/versions/1
RM158,https://api.beta.ons.gov.uk/v1/datasets/RM158/editions/2021/versions/1
RM157,https://api.beta.ons.gov.uk/v1/datasets/RM157/editions/2021/versions/1
RM156,https://api.beta.ons.gov.uk/v1/datasets/RM156/editions/2021/versions/1
RM155,https://api.beta.ons.gov.uk/v1/datasets/RM155/editions/2021/versions/1
RM154,https://api.beta.ons.gov.uk/v1/datasets/RM154/editions/2021/versions/3
RM153,https://api.beta.ons.gov.uk/v1/datasets/RM153/editions/2021/versions/1
RM152,https://api.beta.ons.gov.uk/v1/datasets/RM152/editions/2021/versions/3
RM151,https://api.beta.ons.gov.uk/v1/datasets/RM151/editions/2021/versions/3
RM150,https://api.beta.ons.gov.uk/v1/datasets/RM150/editions/2021/versions/1
RM149,https://api.beta.ons.gov.uk/v1/datasets/RM149/editions/2021/versions/3
RM148,https://api.beta.ons.gov.uk/v1/datasets/RM148/editions/2021/versions/3
RM147,https://api.beta.ons.gov.uk/v1/datasets/RM147/editions/2021/versions/2
RM146,https://api.beta.ons.gov.uk/v1/datasets/RM146/editions/2021/versions/4
RM145,https://api.beta.ons.gov.uk/v1/datasets/RM145/editions/2021/versions/2
RM144,https://api.beta.ons.gov.uk/v1/datasets/RM144/editions/2021/versions/2
RM143,https://api.beta.ons.gov.uk/v1/datasets/RM143/editions/2021/versions/2
RM142,https://api.beta.ons.gov.uk/v1/datasets/RM142/editions/2021/versions/2
RM141,https://api.beta.ons.gov.uk/v1/datasets/RM141/editions/2021/versions/1
RM140,https://api.beta.ons.gov.uk/v1/datasets/RM140/editions/2021/versions/3
RM139,https://api.beta.ons.gov.uk/v1/datasets/RM139/editions/2021/versions/1
RM138,https://api.beta.ons.gov.uk/v1/datasets/RM138/editions/2021/versions/3
RM137,https://api.beta.ons.gov.uk/v1/datasets/RM137/editions/2021/versions/1
RM136,https://api.beta.ons.gov.uk/v1/datasets/RM136/editions/2021/versions/1
RM135,https://api.beta.ons.gov.uk/v1/datasets/RM135/editions/2021/versions/3
RM134,https://api.beta.ons.gov.uk/v1/datasets/RM134/editions/2021/versions/1
RM133,https://api.beta.ons.gov.uk/v1/datasets/RM133/editions/2021/versions/3
RM132,https://api.beta.ons.gov.uk/v1/datasets/RM132/editions/2021/versions/1
RM131,https://api.beta.ons.gov.uk/v1/datasets/RM131/editions/2021/versions/1
RM130,https://api.beta.ons.gov.uk/v1/datasets/RM130/editions/2021/versions/1
RM129,https://api.beta.ons.gov.uk/v1/datasets/RM129/editions/2021/versions/1
RM128,https://api.beta.ons.gov.uk/v1/datasets/RM128/editions/2021/versions/4
RM127,https://api.beta.ons.gov.uk/v1/datasets/RM127/editions/2021/versions/4
RM126,https://api.beta.ons.gov.uk/v1/datasets/RM126/editions/2021/versions/4
RM125,https://api.beta.ons.gov.uk/v1/datasets/RM125/editions/2021/versions/4
RM124,https://api.beta.ons.gov.uk/v1/datasets/RM124/editions/2021/versions/4
RM123,https://api.beta.ons.gov.uk/v1/datasets/RM123/editions/2021/versions/4
RM122,https://api.beta.ons.gov.uk/v1/datasets/RM122/editions/2021/versions/4
RM121,https://api.beta.ons.gov.uk/v1/datasets/RM121/editions/2021/versions/1
RM120,https://api.beta.ons.gov.uk/v1/datasets/RM120/editions/2021/versions/1
RM119,https://api.beta.ons.gov.uk/v1/datasets/RM119/editions/2021/versions/1
RM118,https://api.beta.ons.gov.uk/v1/datasets/RM118/editions/2021/versions/1
RM117,https://api.beta.ons.gov.uk/v1/datasets/RM117/editions/2021/versions/1
RM116,https://api.beta.ons.gov.uk/v1/datasets/RM116/editions/2021/versions/3
RM115,https://api.beta.ons.gov.uk/v1/datasets/RM115/editions/2021/versions/1
RM114,https://api.beta.ons.gov.uk/v1/datasets/RM114/editions/2021/versions/1
RM113,https://api.beta.ons.gov.uk/v1/datasets/RM113/editions/2021/versions/1
RM112,https://api.beta.ons.gov.uk/v1/datasets/RM112/editions/2021/versions/3
RM111,https://api.beta.ons.gov.uk/v1/datasets/RM111/editions/2021/versions/1
RM110,https://api.beta.ons.gov.uk/v1/datasets/RM110/editions/2021/versions/1
RM109,https://api.beta.ons.gov.uk/v1/datasets/RM109/editions/2021/versions/1
RM108,https://api.beta.ons.gov.uk/v1/datasets/RM108/editions/2021/versions/1
RM107,https://api.beta.ons.gov.uk/v1/datasets/RM107/editions/2021/versions/3
RM106,https://api.beta.ons.gov.uk/v1/datasets/RM106/editions/2021/versions/3
RM105,https://api.beta.ons.gov.uk/v1/datasets/RM105/editions/2021/versions/3
RM104,https://api.beta.ons.gov.uk/v1/datasets/RM104/editions/2021/versions/3
RM103,https://api.beta.ons.gov.uk/v1/datasets/RM103/editions/2021/versions/3
RM102,https://api.beta.ons.gov.uk/v1/datasets/RM102/editions/2021/versions/3
RM101,https://api.beta.ons.gov.uk/v1/datasets/RM101/editions/2021/versions/1
RM100,https://api.beta.ons.gov.uk/v1/datasets/RM100/editions/2021/versions/3
RM099,https://api.beta.ons.gov.uk/v1/datasets/RM099/editions/2021/versions/1
RM098,https://api.beta.ons.gov.uk/v1/datasets/RM098/editions/2021/versions/3
RM097,https://api.beta.ons.gov.uk/v1/datasets/RM097/editions/2021/versions/1
RM096,https://api.beta.ons.gov.uk/v1/datasets/RM096/editions/2021/versions/1
RM095,https://api.beta.ons.gov.uk/v1/datasets/RM095/editions/2021/versions/1
RM094,https://api.beta.ons.gov.uk/v1/datasets/RM094/editions/2021/versions/3
RM093,https://api.beta.ons.gov.uk/v1/datasets/RM093/editions/2021/versions/3
RM092,https://api.beta.ons.gov.uk/v1/datasets/RM092/editions/2021/versions/3
RM091,https://api.beta.ons.gov.uk/v1/datasets/RM091/editions/2021/versions/3
RM090,https://api.beta.ons.gov.uk/v1/datasets/RM090/editions/2021/versions/3
RM089,https://api.beta.ons.gov.uk/v1/datasets/RM089/editions/2021/versions/1
RM088,https://api.beta.ons.gov.uk/v1/datasets/RM088/editions/2021/versions/1
RM087,https://api.beta.ons.gov.uk/v1/datasets/RM087/editions/2021/versions/1
RM086,https://api.beta.ons.gov.uk/v1/datasets/RM086/editions/2021/versions/1
RM085,https://api.beta.ons.gov.uk/v1/datasets/RM085/editions/2021/versions/1
RM084,https://api.beta.ons.gov.uk/v1/datasets/RM084/editions/2021/versions/3
RM083,https://api.beta.ons.gov.uk/v1/datasets/RM083/editions/2021/versions/1
RM082,https://api.beta.ons.gov.uk/v1/datasets/RM082/editions/2021/versions/1
RM081,https://api.beta.ons.gov.uk/v1/datasets/RM081/editions/2021/versions/3
RM080,https://api.beta.ons.gov.uk/v1/datasets/RM080/editions/2021/versions/1
RM079,https://api.beta.ons.gov.uk/v1/datasets/RM079/editions/2021/versions/4
RM078,https://api.beta.ons.gov.uk/v1/datasets/RM078/editions/2021/versions/4
RM077,https://api.beta.ons.gov.uk/v1/datasets/RM077/editions/2021/versions/4
RM076,https://api.beta.ons.gov.uk/v1/datasets/RM076/editions/2021/versions/3
RM075,https://api.beta.ons.gov.uk/v1/datasets/RM075/editions/2021/versions/4
RM074,https://api.beta.ons.gov.uk/v1/datasets/RM074/editions/2021/versions/1
RM073,https://api.beta.ons.gov.uk/v1/datasets/RM073/editions/2021/versions/1
RM072,https://api.beta.ons.gov.uk/v1/datasets/RM072/editions/2021/versions/1
RM071,https://api.beta.ons.gov.uk/v1/datasets/RM071/editions/2021/versions/1
RM070,https://api.beta.ons.gov.uk/v1/datasets/RM070/editions/2021/versions/3
RM069,https://api.beta.ons.gov.uk/v1/datasets/RM069/editions/2021/versions/1
RM068,https://api.beta.ons.gov.uk/v1/datasets/RM068/editions/2021/versions/1
RM067,https://api.beta.ons.gov.uk/v1/datasets/RM067/editions/2021/versions/1
RM066,https://api.beta.ons.gov.uk/v1/datasets/RM066/editions/2021/versions/1
RM065,https://api.beta.ons.gov.uk/v1/datasets/RM065/editions/2021/versions/3
RM064,https://api.beta.ons.gov.uk/v1/datasets/RM064/editions/2021/versions/3
RM063,https://api.beta.ons.gov.uk/v1/datasets/RM063/editions/2021/versions/3
RM062,https://api.beta.ons.gov.uk/v1/datasets/RM062/editions/2021/versions/3
RM061,https://api.beta.ons.gov.uk/v1/datasets/RM061/editions/2021/versions/3
RM060,https://api.beta.ons.gov.uk/v1/datasets/RM060/editions/2021/versions/3
RM059,https://api.beta.ons.gov.uk/v1/datasets/RM059/editions/2021/versions/3
RM058,https://api.beta.ons.gov.uk/v1/datasets/RM058/editions/2021/versions/3
RM057,https://api.beta.ons.gov.uk/v1/datasets/RM057/editions/2021/versions/3
RM056,https://api.beta.ons.gov.uk/v1/datasets/RM056/editions/2021/versions/3
RM055,https://api.beta.ons.gov.uk/v1/datasets/RM055/editions/2021/versions/1
RM054,https://api.beta.ons.gov.uk/v1/datasets/RM054/editions/2021/versions/1
RM053,https://api.beta.ons.gov.uk/v1/datasets/RM053/editions/2021/versions/1
RM052,https://api.beta.ons.gov.uk/v1/datasets/RM052/editions/2021/versions/1
RM051,https://api.beta.ons.gov.uk/v1/datasets/RM051/editions/2021/versions/3
RM049,https://api.beta.ons.gov.uk/v1/datasets/RM049/editions/2021/versions/1
RM048,https://api.beta.ons.gov.uk/v1/datasets/RM048/editions/2021/versions/3
RM047,https://api.beta.ons.gov.uk/v1/datasets/RM047/editions/2021/versions/1
RM046,https://api.beta.ons.gov.uk/v1/datasets/RM046/editions/2021/versions/1
RM045,https://api.beta.ons.gov.uk/v1/datasets/RM045/editions/2021/versions/1
RM044,https://api.beta.ons.gov.uk/v1/datasets/RM044/editions/2021/versions/3
RM043,https://api.beta.ons.gov.uk/v1/datasets/RM043/editions/2021/versions/1
RM042,https://api.beta.ons.gov.uk/v1/datasets/RM042/editions/2021/versions/1
